{"cameraMode":{"drawMode":0,"name":"Shaded","section":"Shading Mode"},"sceneLighting":true,"audioPlay":false,"sceneViewState":{"m_AlwaysRefresh":false,"showFog":true,"showSkybox":true,"showFlares":true,"showImageEffects":true,"showParticleSystems":true,"showVisualEffectGraphs":true,"m_FxEnabled":true},"in2DMode":false,"pivot":{"x":-0.023294493556022645,"y":0.6289727687835693,"z":0.032042235136032107},"rotation":{"x":0.4382217824459076,"y":0.24386264383792878,"z":-0.124825619161129,"w":0.8561117053031921},"size":0.8660253882408142,"orthographic":true}